"Time (s)","dfi, V","iav/ilim+ new","experiment"
"0.000","0.00","0.000","1"
"0.500","0.00","0.045","1"
"1.000","0.01","0.088","1"
"1.500","0.01","0.128","1"
"2.000","0.01","0.167","1"
"2.500","0.01","0.204","1"
"3.000","0.01","0.240","1"
"3.500","0.02","0.275","1"
"4.000","0.02","0.308","1"
"4.500","0.02","0.341","1"
"5.000","0.03","0.372","1"
"5.500","0.03","0.403","1"
"6.000","0.03","0.432","1"
"6.500","0.03","0.460","1"
"7.000","0.04","0.488","1"
"7.500","0.04","0.514","1"
"8.000","0.04","0.540","1"
"8.500","0.04","0.564","1"
"9.000","0.04","0.588","1"
"9.500","0.05","0.610","1"
"10.000","0.05","0.632","1"
"10.500","0.05","0.653","1"
"11.000","0.06","0.674","1"
"11.500","0.06","0.693","1"
"12.000","0.06","0.712","1"
"12.500","0.06","0.730","1"
"13.000","0.07","0.748","1"
"13.500","0.07","0.765","1"
"14.000","0.07","0.781","1"
"14.500","0.07","0.797","1"
"15.000","0.07","0.812","1"
"15.500","0.08","0.826","1"
"16.000","0.08","0.840","1"
"16.500","0.08","0.853","1"
"17.000","0.09","0.866","1"
"17.500","0.09","0.878","1"
"18.000","0.09","0.890","1"
"18.500","0.09","0.901","1"
"19.000","0.10","0.912","1"
"19.500","0.10","0.923","1"
"20.000","0.10","0.933","1"
"20.500","0.10","0.942","1"
"21.000","0.10","0.952","1"
"21.500","0.11","0.961","1"
"22.000","0.11","0.969","1"
"22.500","0.11","0.977","1"
"23.000","0.12","0.985","1"
"23.500","0.12","0.993","1"
"24.000","0.12","1.000","1"
"24.500","0.12","1.008","1"
"25.000","0.12","1.015","1"
"25.500","0.13","1.021","1"
"26.000","0.13","1.028","1"
"26.500","0.13","1.034","1"
"27.000","0.14","1.040","1"
"27.500","0.14","1.046","1"
"28.000","0.14","1.051","1"
"28.500","0.14","1.057","1"
"29.000","0.14","1.062","1"
"29.500","0.15","1.067","1"
"30.000","0.15","1.072","1"
"30.500","0.15","1.077","1"
"31.000","0.15","1.081","1"
"31.500","0.16","1.086","1"
"32.000","0.16","1.090","1"
"32.500","0.16","1.095","1"
"33.000","0.17","1.099","1"
"33.500","0.17","1.103","1"
"34.000","0.17","1.107","1"
"34.500","0.17","1.110","1"
"35.000","0.18","1.114","1"
"35.500","0.18","1.117","1"
"36.000","0.18","1.121","1"
"36.500","0.18","1.124","1"
"37.000","0.18","1.128","1"
"37.500","0.19","1.131","1"
"38.000","0.19","1.134","1"
"38.500","0.19","1.137","1"
"39.000","0.20","1.140","1"
"39.500","0.20","1.143","1"
"40.000","0.20","1.145","1"
"40.500","0.20","1.148","1"
"41.000","0.21","1.151","1"
"41.500","0.21","1.153","1"
"42.000","0.21","1.155","1"
"42.500","0.21","1.158","1"
"43.000","0.21","1.161","1"
"43.500","0.22","1.163","1"
"44.000","0.22","1.165","1"
"44.500","0.22","1.167","1"
"45.000","0.23","1.169","1"
"45.500","0.23","1.172","1"
"46.000","0.23","1.174","1"
"46.500","0.23","1.176","1"
"47.000","0.24","1.178","1"
"47.500","0.24","1.180","1"
"48.000","0.24","1.182","1"
"48.500","0.24","1.184","1"
"49.000","0.24","1.186","1"
"49.500","0.25","1.188","1"
"50.000","0.25","1.190","1"
"50.500","0.25","1.192","1"
"51.000","0.26","1.194","1"
"51.500","0.26","1.196","1"
"52.000","0.26","1.198","1"
"52.500","0.26","1.199","1"
"53.000","0.27","1.201","1"
"53.500","0.27","1.203","1"
"54.000","0.27","1.205","1"
"54.500","0.27","1.207","1"
"55.000","0.28","1.209","1"
"55.500","0.28","1.210","1"
"56.000","0.28","1.212","1"
"56.500","0.28","1.214","1"
"57.000","0.29","1.216","1"
"57.500","0.29","1.218","1"
"58.000","0.29","1.219","1"
"58.500","0.29","1.221","1"
"59.000","0.29","1.223","1"
"59.500","0.30","1.224","1"
"60.000","0.30","1.226","1"
"60.500","0.30","1.227","1"
"61.000","0.30","1.229","1"
"61.500","0.31","1.231","1"
"62.000","0.31","1.232","1"
"62.500","0.31","1.234","1"
"63.000","0.32","1.236","1"
"63.500","0.32","1.237","1"
"64.000","0.32","1.239","1"
"64.500","0.32","1.241","1"
"65.000","0.33","1.242","1"
"65.500","0.33","1.244","1"
"66.000","0.33","1.245","1"
"66.500","0.33","1.247","1"
"67.000","0.34","1.249","1"
"67.500","0.34","1.250","1"
"68.000","0.34","1.252","1"
"68.500","0.34","1.253","1"
"69.000","0.35","1.255","1"
"69.500","0.35","1.257","1"
"70.000","0.35","1.258","1"
"70.500","0.35","1.260","1"
"71.000","0.35","1.262","1"
"71.500","0.36","1.264","1"
"72.000","0.36","1.265","1"
"72.500","0.36","1.267","1"
"73.000","0.36","1.269","1"
"73.500","0.37","1.270","1"
"74.000","0.37","1.272","1"
"74.500","0.37","1.274","1"
"75.000","0.38","1.275","1"
"75.500","0.38","1.277","1"
"76.000","0.38","1.278","1"
"76.500","0.38","1.280","1"
"77.000","0.39","1.282","1"
"77.500","0.39","1.283","1"
"78.000","0.39","1.285","1"
"78.500","0.39","1.287","1"
"79.000","0.40","1.288","1"
"79.500","0.40","1.290","1"
"80.000","0.40","1.292","1"
"80.500","0.40","1.293","1"
"81.000","0.41","1.295","1"
"81.500","0.41","1.296","1"
"82.000","0.41","1.298","1"
"82.500","0.41","1.300","1"
"83.000","0.42","1.301","1"
"83.500","0.42","1.303","1"
"84.000","0.42","1.304","1"
"84.500","0.42","1.306","1"
"85.000","0.42","1.308","1"
"85.500","0.43","1.309","1"
"86.000","0.43","1.311","1"
"86.500","0.43","1.312","1"
"87.000","0.43","1.314","1"
"87.500","0.44","1.316","1"
"88.000","0.44","1.317","1"
"88.500","0.44","1.319","1"
"89.000","0.45","1.320","1"
"89.500","0.45","1.322","1"
"90.000","0.45","1.323","1"
"90.500","0.45","1.325","1"
"91.000","0.46","1.327","1"
"91.500","0.46","1.328","1"
"92.000","0.46","1.330","1"
"92.500","0.46","1.331","1"
"93.000","0.47","1.333","1"
"93.500","0.47","1.334","1"
"94.000","0.47","1.336","1"
"94.500","0.47","1.337","1"
"95.000","0.48","1.339","1"
"95.500","0.48","1.341","1"
"96.000","0.48","1.342","1"
"96.500","0.48","1.344","1"
"97.000","0.48","1.345","1"
"97.500","0.49","1.347","1"
"98.000","0.49","1.348","1"
"98.500","0.49","1.350","1"
"99.000","0.49","1.351","1"
"99.500","0.50","1.353","1"
"100.000","0.50","1.354","1"
"100.500","0.50","1.356","1"
"101.000","0.51","1.357","1"
"101.500","0.51","1.359","1"
"102.000","0.51","1.360","1"
"102.500","0.51","1.362","1"
"103.000","0.52","1.363","1"
"103.500","0.52","1.365","1"
"104.000","0.52","1.366","1"
"104.500","0.52","1.368","1"
"105.000","0.53","1.369","1"
"105.500","0.53","1.371","1"
"106.000","0.53","1.372","1"
"106.500","0.53","1.374","1"
"107.000","0.54","1.375","1"
"107.500","0.54","1.377","1"
"108.000","0.54","1.379","1"
"108.500","0.54","1.380","1"
"109.000","0.55","1.381","1"
"109.500","0.55","1.383","1"
"110.000","0.55","1.384","1"
"110.500","0.55","1.386","1"
"111.000","0.56","1.387","1"
"111.500","0.56","1.389","1"
"112.000","0.56","1.390","1"
"112.500","0.56","1.392","1"
"113.000","0.57","1.393","1"
"113.500","0.57","1.395","1"
"114.000","0.57","1.396","1"
"114.500","0.57","1.398","1"
"115.000","0.58","1.399","1"
"115.500","0.58","1.401","1"
"116.000","0.58","1.402","1"
"116.500","0.58","1.404","1"
"117.000","0.58","1.405","1"
"117.500","0.59","1.407","1"
"118.000","0.59","1.408","1"
"118.500","0.59","1.410","1"
"119.000","0.59","1.411","1"
"119.500","0.60","1.413","1"
"120.000","0.60","1.414","1"
"120.500","0.60","1.416","1"
"121.000","0.60","1.417","1"
"121.500","0.61","1.419","1"
"122.000","0.61","1.420","1"
"122.500","0.61","1.422","1"
"123.000","0.61","1.423","1"
"123.500","0.62","1.425","1"
"124.000","0.62","1.427","1"
"124.500","0.62","1.429","1"
"125.000","0.62","1.431","1"
"125.500","0.63","1.434","1"
"126.000","0.63","1.439","1"
"126.500","0.63","1.449","1"
"127.000","0.64","1.468","1"
"127.500","0.64","1.487","1"
"128.000","0.64","1.502","1"
"128.500","0.64","1.514","1"
"129.000","0.65","1.526","1"
"129.500","0.65","1.535","1"
"130.000","0.65","1.541","1"
"130.500","0.65","1.548","1"
"131.000","0.66","1.555","1"
"131.500","0.66","1.564","1"
"132.000","0.66","1.574","1"
"132.500","0.66","1.582","1"
"133.000","0.67","1.585","1"
"133.500","0.67","1.590","1"
"134.000","0.67","1.597","1"
"134.500","0.67","1.602","1"
"135.000","0.68","1.607","1"
"135.500","0.68","1.611","1"
"136.000","0.68","1.617","1"
"136.500","0.68","1.621","1"
"137.000","0.69","1.624","1"
"137.500","0.69","1.628","1"
"138.000","0.69","1.635","1"
"138.500","0.69","1.640","1"
"139.000","0.70","1.649","1"
"139.500","0.70","1.664","1"
"140.000","0.70","1.670","1"
"140.500","0.70","1.671","1"
"141.000","0.70","1.671","1"
"141.500","0.71","1.673","1"
"142.000","0.71","1.675","1"
"142.500","0.71","1.674","1"
"143.000","0.71","1.674","1"
"143.500","0.72","1.673","1"
"144.000","0.72","1.672","1"
"144.500","0.72","1.672","1"
"145.000","0.72","1.682","1"
"145.500","0.73","1.712","1"
"146.000","0.73","1.734","1"
"146.500","0.73","1.737","1"
"147.000","0.73","1.740","1"
"147.500","0.74","1.741","1"
"148.000","0.74","1.743","1"
"148.500","0.74","1.740","1"
"149.000","0.74","1.736","1"
"149.500","0.75","1.741","1"
"150.000","0.75","1.743","1"
"150.500","0.75","1.747","1"
"151.000","0.76","1.746","1"
"151.500","0.76","1.747","1"
"152.000","0.76","1.749","1"
"152.500","0.76","1.749","1"
"153.000","0.77","1.744","1"
"153.500","0.77","1.756","1"
"154.000","0.77","1.761","1"
"154.500","0.77","1.750","1"
"155.000","0.78","1.752","1"
"155.500","0.78","1.765","1"
"156.000","0.78","1.758","1"
"156.500","0.78","1.758","1"
"157.000","0.79","1.753","1"
"157.500","0.79","1.747","1"
"158.000","0.79","1.747","1"
"158.500","0.79","1.774","1"
"159.000","0.80","1.776","1"
"159.500","0.80","1.761","1"
"160.000","0.80","1.773","1"
"160.500","0.80","1.779","1"
"161.000","0.81","1.783","1"
"161.500","0.81","1.775","1"
"162.000","0.81","1.778","1"
"162.500","0.81","1.810","1"
"163.000","0.82","1.810","1"
"163.500","0.82","1.803","1"
"164.000","0.82","1.799","1"
"164.500","0.82","1.815","1"
"165.000","0.83","1.838","1"
"165.500","0.83","1.821","1"
"166.000","0.83","1.809","1"
"166.500","0.83","1.819","1"
"167.000","0.83","1.812","1"
"167.500","0.84","1.810","1"
"168.000","0.84","1.801","1"
"168.500","0.84","1.794","1"
"169.000","0.84","1.824","1"
"169.500","0.85","1.833","1"
"170.000","0.85","1.823","1"
"170.500","0.85","1.835","1"
"171.000","0.85","1.834","1"
"171.500","0.86","1.822","1"
"172.000","0.86","1.831","1"
"172.500","0.86","1.826","1"
"173.000","0.86","1.830","1"
"173.500","0.87","1.819","1"
"174.000","0.87","1.813","1"
"174.500","0.87","1.841","1"
"175.000","0.88","1.840","1"
"175.500","0.88","1.856","1"
"176.000","0.88","1.860","1"
"176.500","0.88","1.854","1"
"177.000","0.89","1.844","1"
"177.500","0.89","1.855","1"
"178.000","0.89","1.851","1"
"178.500","0.89","1.853","1"
"179.000","0.90","1.848","1"
"179.500","0.90","1.847","1"
"180.000","0.90","1.859","1"
"180.500","0.90","1.855","1"
"181.000","0.91","1.868","1"
"181.500","0.91","1.869","1"
"182.000","0.91","1.862","1"
"182.500","0.91","1.858","1"
"183.000","0.92","1.870","1"
"183.500","0.92","1.868","1"
"184.000","0.92","1.873","1"
"184.500","0.92","1.871","1"
"185.000","0.93","1.872","1"
"185.500","0.93","1.876","1"
"186.000","0.93","1.878","1"
"186.500","0.93","1.891","1"
"187.000","0.94","1.883","1"
"187.500","0.94","1.877","1"
"188.000","0.94","1.889","1"
"188.500","0.94","1.884","1"
"189.000","0.95","1.890","1"
"189.500","0.95","1.886","1"
"190.000","0.95","1.894","1"
"190.500","0.95","1.897","1"
"191.000","0.96","1.897","1"
"191.500","0.96","1.903","1"
"192.000","0.96","1.900","1"
"192.500","0.96","1.893","1"
"193.000","0.96","1.907","1"
"193.500","0.97","1.902","1"
"194.000","0.97","1.907","1"
"194.500","0.97","1.916","1"
"195.000","0.97","1.913","1"
"195.500","0.98","1.913","1"
"196.000","0.98","1.918","1"
"196.500","0.98","1.924","1"
"197.000","0.98","1.913","1"
"197.500","0.99","1.912","1"
"198.000","0.99","1.924","1"
"198.500","0.99","1.919","1"
"199.000","0.99","1.923","1"
"199.500","1.00","1.935","1"
"200.000","1.00","1.939","1"
"200.500","1.00","1.935","1"
"201.000","1.01","1.935","1"
"201.500","1.01","1.938","1"
"202.000","1.01","1.927","1"
"202.500","1.01","1.927","1"
"203.000","1.02","1.937","1"
"203.500","1.02","1.938","1"
"204.000","1.02","1.949","1"
"204.500","1.02","1.948","1"
"205.000","1.02","1.954","1"
"205.500","1.03","1.963","1"
"206.000","1.03","1.955","1"
"206.500","1.03","1.950","1"
"207.000","1.03","1.942","1"
"207.500","1.04","1.962","1"
"208.000","1.04","1.962","1"
"208.500","1.04","1.954","1"
"209.000","1.04","1.955","1"
"209.500","1.05","1.980","1"
"210.000","1.05","1.973","1"
"210.500","1.05","1.972","1"
"211.000","1.05","1.981","1"
"211.500","1.06","1.978","1"
"212.000","1.06","1.972","1"
"212.500","1.06","1.972","1"
"213.000","1.06","1.970","1"
"213.500","1.07","1.969","1"
"214.000","1.07","1.979","1"
"214.500","1.07","1.978","1"
"215.000","1.07","1.972","1"
"215.500","1.08","1.978","1"
"216.000","1.08","1.989","1"
"216.500","1.08","1.982","1"
"217.000","1.08","1.995","1"
"217.500","1.09","1.987","1"
"218.000","1.09","1.991","1"
"218.500","1.09","2.003","1"
"219.000","1.09","1.999","1"
"219.500","1.10","1.995","1"
"220.000","1.10","1.997","1"
"220.500","1.10","2.018","1"
"221.000","1.10","2.011","1"
"221.500","1.11","2.015","1"
"222.000","1.11","2.018","1"
"222.500","1.11","2.014","1"
"223.000","1.11","2.007","1"
"223.500","1.12","2.011","1"
"224.000","1.12","2.002","1"
"224.500","1.12","2.004","1"
"225.000","1.12","2.007","1"
"225.500","1.13","2.013","1"
"226.000","1.13","2.002","1"
"226.500","1.13","2.014","1"
"227.000","1.14","2.009","1"
"227.500","1.14","2.009","1"
"228.000","1.14","2.015","1"
"228.500","1.14","2.008","1"
"229.000","1.15","2.021","1"
"229.500","1.15","2.029","1"
"230.000","1.15","2.034","1"
"230.500","1.15","2.041","1"
"231.000","1.16","2.044","1"
"231.500","1.16","2.032","1"
"232.000","1.16","2.033","1"
"232.500","1.16","2.040","1"
"233.000","1.17","2.033","1"
"233.500","1.17","2.051","1"
"234.000","1.17","2.053","1"
"234.500","1.17","2.053","1"
"235.000","1.18","2.069","1"
"235.500","1.18","2.062","1"
"236.000","1.18","2.055","1"
"236.500","1.18","2.056","1"
"237.000","1.19","2.058","1"
"237.500","1.19","2.067","1"
"238.000","1.19","2.066","1"
"238.500","1.19","2.075","1"
"239.000","1.20","2.082","1"
"239.500","1.20","2.085","1"
"240.000","1.20","2.078","1"
"240.500","1.20","2.076","1"
"241.000","1.21","2.068","1"
"241.500","1.21","2.069","1"
"242.000","1.21","2.088","1"
"242.500","1.21","2.087","1"
"243.000","1.22","2.085","1"
"243.500","1.22","2.096","1"
"244.000","1.22","2.100","1"
"244.500","1.22","2.094","1"
"245.000","1.23","2.091","1"
"245.500","1.23","2.086","1"
"246.000","1.23","2.097","1"
"246.500","1.23","2.105","1"
"247.000","1.24","2.102","1"
"247.500","1.24","2.102","1"
"248.000","1.24","2.117","1"
"248.500","1.24","2.115","1"
"249.000","1.25","2.110","1"
"249.500","1.25","2.104","1"
"250.000","1.25","2.108","1"
"250.500","1.25","2.127","1"
"251.000","1.26","2.118","1"
"251.500","1.26","2.125","1"
"252.000","1.26","2.117","1"
"252.500","1.26","2.128","1"
"253.000","1.27","2.133","1"
"253.500","1.27","2.129","1"
"254.000","1.27","2.125","1"
"254.500","1.27","2.145","1"
"255.000","1.28","2.140","1"
"255.500","1.28","2.148","1"
"256.000","1.28","2.140","1"
"256.500","1.28","2.134","1"
"257.000","1.28","2.147","1"
"257.500","1.29","2.148","1"
"258.000","1.29","2.158","1"
"258.500","1.29","2.189","1"
"259.000","1.29","2.191","1"
"259.500","1.30","2.196","1"
"260.000","1.30","2.189","1"
"260.500","1.30","2.207","1"
"261.000","1.30","2.223","1"
"261.500","1.31","2.235","1"
"262.000","1.31","2.256","1"
"262.500","1.31","2.275","1"
"263.000","1.31","2.278","1"
"263.500","1.32","2.268","1"
"264.000","1.32","2.258","1"
"264.500","1.32","2.286","1"
"265.000","1.32","2.276","1"
"265.500","1.33","2.271","1"
"266.000","1.33","2.283","1"
"266.500","1.33","2.269","1"
"267.000","1.33","2.288","1"
"267.500","1.34","2.282","1"
"268.000","1.34","2.286","1"
"268.500","1.34","2.312","1"
"269.000","1.34","2.308","1"
"269.500","1.35","2.276","1"
"270.000","1.35","2.253","1"
"270.500","1.35","2.263","1"
"271.000","1.35","2.258","1"
"271.500","1.36","2.253","1"
"272.000","1.36","2.265","1"
"272.500","1.36","2.259","1"
"273.000","1.36","2.257","1"
"273.500","1.37","2.288","1"
"274.000","1.37","2.315","1"
"274.500","1.37","2.308","1"
"275.000","1.38","2.298","1"
"275.500","1.38","2.316","1"
"276.000","1.38","2.318","1"
"276.500","1.38","2.294","1"
"277.000","1.39","2.268","1"
"277.500","1.39","2.240","1"
"278.000","1.39","2.269","1"
"278.500","1.39","2.301","1"
"279.000","1.40","2.326","1"
"279.500","1.40","2.316","1"
"280.000","1.40","2.343","1"
"280.500","1.40","2.380","1"
"281.000","1.41","2.383","1"
"281.500","1.41","2.401","1"
"282.000","1.41","2.386","1"
"282.500","1.41","2.389","1"
"283.000","1.42","2.413","1"
"283.500","1.42","2.390","1"
"284.000","1.42","2.426","1"
"284.500","1.42","2.430","1"
"285.000","1.43","2.404","1"
"285.500","1.43","2.378","1"
"286.000","1.43","2.364","1"
"286.500","1.43","2.348","1"
"287.000","1.44","2.366","1"
"287.500","1.44","2.347","1"
"288.000","1.44","2.378","1"
"288.500","1.44","2.409","1"
"289.000","1.45","2.405","1"
"289.500","1.45","2.392","1"
"290.000","1.45","2.354","1"
"290.500","1.45","2.433","1"
"291.000","1.46","2.452","1"
"291.500","1.46","2.411","1"
"292.000","1.46","2.378","1"
"292.500","1.46","2.364","1"
"293.000","1.47","2.436","1"
"293.500","1.47","2.430","1"
"294.000","1.47","2.456","1"
"294.500","1.47","2.445","1"
"295.000","1.48","2.398","1"
"295.500","1.48","2.383","1"
"296.000","1.48","2.367","1"
"296.500","1.48","2.383","1"
"297.000","1.49","2.338","1"
"297.500","1.49","2.387","1"
"298.000","1.49","2.399","1"
"298.500","1.49","2.436","1"
"299.000","1.50","2.422","1"
"299.500","1.50","2.393","1"
"300.000","1.50","2.389","1"
"300.500","1.50","2.364","1"
"301.000","1.51","2.394","1"
"301.500","1.51","2.429","1"
"302.000","1.51","2.416","1"
"302.500","1.51","2.426","1"
"303.000","1.52","2.446","1"
"303.500","1.52","2.411","1"
"304.000","1.52","2.358","1"
"304.500","1.52","2.357","1"
"305.000","1.53","2.362","1"
"305.500","1.53","2.440","1"
"306.000","1.53","2.435","1"
"306.500","1.53","2.460","1"
"307.000","1.54","2.471","1"
"307.500","1.54","2.445","1"
"308.000","1.54","2.406","1"
"308.500","1.54","2.440","1"
"309.000","1.54","2.462","1"
"309.500","1.55","2.401","1"
"310.000","1.55","2.376","1"
"310.500","1.55","2.386","1"
"311.000","1.55","2.411","1"
"311.500","1.56","2.461","1"
"312.000","1.56","2.486","1"
"312.500","1.56","2.487","1"
"313.000","1.56","2.454","1"
"313.500","1.57","2.397","1"
"314.000","1.57","2.418","1"
"314.500","1.57","2.426","1"
"315.000","1.57","2.386","1"
"315.500","1.58","2.366","1"
"316.000","1.58","2.349","1"
"316.500","1.58","2.366","1"
"317.000","1.58","2.432","1"
"317.500","1.59","2.513","1"
"318.000","1.59","2.455","1"
"318.500","1.59","2.499","1"
"319.000","1.59","2.526","1"
"319.500","1.60","2.483","1"
"320.000","1.60","2.426","1"
"320.500","1.60","2.416","1"
"321.000","1.60","2.398","1"
"321.500","1.61","2.386","1"
"322.000","1.61","2.374","1"
"322.500","1.61","2.331","1"
"323.000","1.61","2.327","1"
"323.500","1.62","2.348","1"
"324.000","1.62","2.400","1"
"324.500","1.62","2.423","1"
"325.000","1.62","2.571","1"
"325.500","1.63","2.575","1"
"326.000","1.63","2.545","1"
"326.500","1.63","2.533","1"
"327.000","1.64","2.533","1"
"327.500","1.64","2.520","1"
"328.000","1.64","2.607","1"
"328.500","1.64","2.625","1"
"329.000","1.65","2.650","1"
"329.500","1.65","2.625","1"
"330.000","1.65","2.618","1"
"330.500","1.65","2.650","1"
"331.000","1.66","2.599","1"
"331.500","1.66","2.665","1"
"332.000","1.66","2.644","1"
"332.500","1.66","2.604","1"
"333.000","1.67","2.612","1"
"333.500","1.67","2.522","1"
"334.000","1.67","2.514","1"
"334.500","1.67","2.400","1"
"335.000","1.68","2.315","1"
"335.500","1.68","2.429","1"
"336.000","1.68","2.475","1"
"336.500","1.68","2.460","1"
"337.000","1.69","2.518","1"
"337.500","1.69","2.495","1"
"338.000","1.69","2.484","1"
"338.500","1.69","2.506","1"
"339.000","1.70","2.537","1"
"339.500","1.70","2.544","1"
"340.000","1.70","2.544","1"
"340.500","1.70","2.597","1"
"341.000","1.71","2.642","1"
"341.500","1.71","2.519","1"
"342.000","1.71","2.531","1"
"342.500","1.71","2.508","1"
"343.000","1.72","2.525","1"
"343.500","1.72","2.582","1"
"344.000","1.72","2.543","1"
"344.500","1.72","2.556","1"
"345.000","1.73","2.542","1"
"345.500","1.73","2.648","1"
"346.000","1.73","2.522","1"
"346.500","1.73","2.595","1"
"347.000","1.74","2.625","1"
"347.500","1.74","2.587","1"
"348.000","1.74","2.640","1"
"348.500","1.74","2.725","1"
"349.000","1.75","2.677","1"
"349.500","1.75","2.543","1"
"350.000","1.75","2.454","1"
"350.500","1.75","2.519","1"
"351.000","1.76","2.481","1"
"351.500","1.76","2.436","1"
"352.000","1.76","2.538","1"
"352.500","1.76","2.504","1"
"353.000","1.77","2.635","1"
"353.500","1.77","2.658","1"
"354.000","1.77","2.679","1"
"354.500","1.77","2.672","1"
"355.000","1.78","2.681","1"
"355.500","1.78","2.685","1"
"356.000","1.78","2.695","1"
"356.500","1.78","2.631","1"
"357.000","1.79","2.672","1"
"357.500","1.79","2.567","1"
"358.000","1.79","2.566","1"
"358.500","1.79","2.639","1"
"359.000","1.79","2.486","1"
"359.500","1.80","2.483","1"
"360.000","1.80","2.441","1"
"360.500","1.80","2.432","1"
"361.000","1.80","2.456","1"
"361.500","1.81","2.492","1"
"362.000","1.81","2.432","1"
"362.500","1.81","2.522","1"
"363.000","1.81","2.560","1"
"363.500","1.82","2.689","1"
"364.000","1.82","2.736","1"
"364.500","1.82","2.686","1"
"365.000","1.82","2.684","1"
"365.500","1.83","2.790","1"
"366.000","1.83","2.704","1"
"366.500","1.83","2.600","1"
"367.000","1.83","2.400","1"
"367.500","1.84","2.375","1"
"368.000","1.84","2.450","1"
"368.500","1.84","2.504","1"
"369.000","1.84","2.645","1"
"369.500","1.85","2.659","1"
"370.000","1.85","2.671","1"
"370.500","1.85","2.624","1"
"371.000","1.85","2.619","1"
"371.500","1.86","2.673","1"
"372.000","1.86","2.672","1"
"372.500","1.86","2.502","1"
"373.000","1.86","2.520","1"
"373.500","1.87","2.515","1"
"374.000","1.87","2.467","1"
"374.500","1.87","2.460","1"
"375.000","1.88","2.728","1"
"375.500","1.88","2.612","1"
"376.000","1.88","2.513","1"
"376.500","1.88","2.407","1"
"377.000","1.89","2.365","1"
"377.500","1.89","2.423","1"
"378.000","1.89","2.419","1"
"378.500","1.89","2.434","1"
"379.000","1.90","2.542","1"
"379.500","1.90","2.673","1"
"380.000","1.90","2.636","1"
"380.500","1.90","2.721","1"
"381.000","1.91","2.636","1"
"381.500","1.91","2.523","1"
"382.000","1.91","2.671","1"
"382.500","1.91","2.735","1"
"383.000","1.92","2.751","1"
"383.500","1.92","2.836","1"
"384.000","1.92","2.889","1"
"384.500","1.92","2.760","1"
"385.000","1.93","2.780","1"
"385.500","1.93","2.795","1"
"386.000","1.93","2.679","1"
"386.500","1.93","2.685","1"
"387.000","1.94","2.772","1"
"387.500","1.94","2.528","1"
"388.000","1.94","2.471","1"
"388.500","1.94","2.524","1"
"389.000","1.95","2.229","1"
"389.500","1.95","2.346","1"
"390.000","1.95","2.569","1"
"390.500","1.95","2.605","1"
"391.000","1.96","2.462","1"
"391.500","1.96","2.530","1"
"392.000","1.96","2.542","1"
"392.500","1.96","2.614","1"
"393.000","1.97","2.838","1"
"393.500","1.97","2.830","1"
"394.000","1.97","2.903","1"
"394.500","1.97","2.894","1"
"395.000","1.98","2.789","1"
"395.500","1.98","2.794","1"
"396.000","1.98","2.735","1"
"396.500","1.98","2.564","1"
"397.000","1.99","2.521","1"
"397.500","1.99","2.251","1"
"398.000","1.99","2.397","1"
"398.500","1.99","2.573","1"
"399.000","2.00","2.626","1"
"399.500","2.00","2.789","1"
"400.000","2.00","2.728","1"
"400.500","2.00","2.807","1"
"401.000","2.00","2.766","1"
"401.500","2.01","2.533","1"
"402.000","2.01","2.569","1"
"402.500","2.01","2.469","1"
"403.000","2.02","2.488","1"
"403.500","2.02","2.405","1"
"404.000","2.02","2.458","1"
"404.500","2.02","2.624","1"
"405.000","2.02","2.744","1"
"405.500","2.03","2.799","1"
"406.000","2.03","2.616","1"
"406.500","2.03","2.814","1"
"407.000","2.04","2.870","1"
"407.500","2.04","2.702","1"
"408.000","2.04","2.559","1"
"408.500","2.04","2.729","1"
"409.000","2.04","2.920","1"
"409.500","2.05","2.836","1"
"410.000","2.05","2.574","1"
"410.500","2.05","2.363","1"
"411.000","2.06","2.439","1"
"411.500","2.06","2.096","1"
"412.000","2.06","2.342","1"
"412.500","2.06","2.480","1"
"413.000","2.06","2.468","1"
"413.500","2.07","2.447","1"
"414.000","2.07","2.478","1"
"414.500","2.07","2.332","1"
"415.000","2.08","2.600","1"
"415.500","2.08","2.535","1"
"416.000","2.08","2.586","1"
"416.500","2.08","2.603","1"
"417.000","2.08","2.913","1"
"417.500","2.09","2.726","1"
"418.000","2.09","2.734","1"
"418.500","2.09","2.690","1"
"419.000","2.10","2.496","1"
"419.500","2.10","2.530","1"
"420.000","2.10","2.481","1"
"420.500","2.10","2.885","1"
"421.000","2.10","2.794","1"
"421.500","2.11","2.688","1"
"422.000","2.11","2.496","1"
"422.500","2.11","2.418","1"
"423.000","2.12","2.966","1"
"423.500","2.12","2.536","1"
"424.000","2.12","2.889","1"
"424.500","2.12","2.960","1"
"425.000","2.12","2.684","1"
"425.500","2.13","3.021","1"
"426.000","2.13","2.819","1"
"426.500","2.13","2.794","1"
"427.000","2.14","2.651","1"
"427.500","2.14","2.325","1"
"428.000","2.14","2.599","1"
"428.500","2.14","2.642","1"
"429.000","2.15","2.702","1"
"429.500","2.15","2.510","1"
"430.000","2.15","2.796","1"
"430.500","2.15","2.713","1"
"431.000","2.16","2.594","1"
"431.500","2.16","2.833","1"
"432.000","2.16","2.785","1"
"432.500","2.16","2.712","1"
"433.000","2.17","2.776","1"
"433.500","2.17","2.714","1"
"434.000","2.17","2.534","1"
"434.500","2.17","2.344","1"
"435.000","2.18","2.399","1"
"435.500","2.18","2.512","1"
"436.000","2.18","2.519","1"
"436.500","2.18","2.913","1"
"437.000","2.19","2.871","1"
"437.500","2.19","2.199","1"
"438.000","2.19","2.643","1"
"438.500","2.19","3.146","1"
"439.000","2.19","2.773","1"
"439.500","2.20","2.814","1"
"440.000","2.20","2.669","1"
"440.500","2.20","2.289","1"
"441.000","2.21","2.970","1"
"441.500","2.21","2.883","1"
"442.000","2.21","3.150","1"
"442.500","2.21","3.083","1"
"443.000","2.21","2.657","1"
"443.500","2.22","2.722","1"
"444.000","2.22","2.845","1"
"444.500","2.22","2.578","1"
"445.000","2.23","2.476","1"
"445.500","2.23","2.629","1"
"446.000","2.23","2.605","1"
"446.500","2.23","2.538","1"
"447.000","2.23","1.985","1"
"447.500","2.24","2.651","1"
"448.000","2.24","2.892","1"
"448.500","2.24","2.940","1"
"449.000","2.25","2.610","1"
"449.500","2.25","1.973","1"
"450.000","2.25","2.446","1"
"450.500","2.25","2.742","1"
"451.000","2.25","2.850","1"
"451.500","2.26","2.698","1"
"452.000","2.26","2.396","1"
"452.500","2.26","2.973","1"
"453.000","2.27","2.895","1"
"453.500","2.27","2.522","1"
"454.000","2.27","2.341","1"
"454.500","2.27","2.713","1"
"455.000","2.27","2.853","1"
"455.500","2.28","3.003","1"
"456.000","2.28","2.780","1"
"456.500","2.28","2.639","1"
"457.000","2.29","2.944","1"
"457.500","2.29","2.773","1"
"458.000","2.29","2.801","1"
"458.500","2.29","2.830","1"
"459.000","2.29","2.939","1"
"459.500","2.30","2.794","1"
"460.000","2.30","2.756","1"
"460.500","2.30","2.667","1"
"461.000","2.31","2.783","1"
"461.500","2.31","2.985","1"
"462.000","2.31","3.092","1"
"462.500","2.31","2.683","1"
"463.000","2.31","2.412","1"
"463.500","2.32","2.375","1"
"464.000","2.32","2.549","1"
"464.500","2.32","2.710","1"
"465.000","2.33","2.611","1"
"465.500","2.33","2.665","1"
"466.000","2.33","2.614","1"
"466.500","2.33","2.275","1"
"467.000","2.33","2.569","1"
"467.500","2.34","2.741","1"
"468.000","2.34","2.408","1"
"468.500","2.34","2.818","1"
"469.000","2.35","2.987","1"
"469.500","2.35","3.065","1"
"470.000","2.35","2.815","1"
"470.500","2.35","2.704","1"
"471.000","2.35","2.594","1"
"471.500","2.36","2.739","1"
"472.000","2.36","3.086","1"
"472.500","2.36","3.086","1"
"473.000","2.37","2.549","1"
"473.500","2.37","2.708","1"
"474.000","2.37","2.471","1"
"474.500","2.37","2.337","1"
"475.000","2.38","2.774","1"
"475.500","2.38","2.818","1"
"476.000","2.38","2.720","1"
"476.500","2.38","2.885","1"
"477.000","2.39","3.204","1"
"477.500","2.39","2.742","1"
"478.000","2.39","2.784","1"
"478.500","2.39","2.582","1"
"479.000","2.40","3.077","1"
"479.500","2.40","2.845","1"
"480.000","2.40","2.531","1"
"480.500","2.40","2.366","1"
"481.000","2.41","3.022","1"
"481.500","2.41","3.127","1"
"482.000","2.41","2.303","1"
"482.500","2.41","2.501","1"
"483.000","2.42","2.278","1"
"483.500","2.42","2.884","1"
"484.000","2.42","3.221","1"
"484.500","2.42","2.603","1"
"485.000","2.43","3.024","1"
"485.500","2.43","2.942","1"
"486.000","2.43","2.620","1"
"486.500","2.43","3.080","1"
"487.000","2.44","2.454","1"
"487.500","2.44","2.630","1"
"488.000","2.44","2.439","1"
"488.500","2.44","2.797","1"
"489.000","2.44","2.796","1"
"489.500","2.45","2.413","1"
"490.000","2.45","2.824","1"
"490.500","2.45","2.720","1"
"491.000","2.46","2.983","1"
"491.500","2.46","3.075","1"
"492.000","2.46","2.740","1"
"492.500","2.46","2.555","1"
"493.000","2.46","2.205","1"
"493.500","2.47","3.031","1"
"494.000","2.47","2.556","1"
"494.500","2.47","2.747","1"
"495.000","2.48","2.770","1"
"495.500","2.48","2.480","1"
"496.000","2.48","2.775","1"
"496.500","2.48","2.606","1"
"497.000","2.48","2.867","1"
"497.500","2.49","2.841","1"
"498.000","2.49","2.827","1"
"498.500","2.49","2.130","1"
"499.000","2.50","2.976","1"
"499.500","2.50","2.613","1"
"500.000","2.50","2.689","1"
"500.500","2.50","2.247","1"
"501.000","2.50","2.616","1"
"501.500","2.51","2.792","1"
"502.000","2.51","3.016","1"
"502.500","2.51","2.723","1"
"503.000","2.52","2.231","1"
"503.500","2.52","2.730","1"
"504.000","2.52","2.883","1"
"504.500","2.52","2.870","1"
"505.000","2.52","2.954","1"
"505.500","2.53","2.740","1"
"506.000","2.53","2.955","1"
"506.500","2.53","2.830","1"
"507.000","2.54","2.764","1"
"507.500","2.54","3.180","1"
"508.000","2.54","2.559","1"
"508.500","2.54","3.037","1"
"509.000","2.54","2.895","1"
"509.500","2.55","2.891","1"
"510.000","2.55","2.847","1"
"510.500","2.55","2.860","1"
"511.000","2.56","2.619","1"
"511.500","2.56","3.093","1"
"512.000","2.56","2.813","1"
"512.500","2.56","2.989","1"
"513.000","2.56","2.623","1"
"513.500","2.57","2.925","1"
"514.000","2.57","2.782","1"
"514.500","2.57","2.732","1"
"515.000","2.58","2.842","1"
"515.500","2.58","2.823","1"
"516.000","2.58","2.751","1"
"516.500","2.58","2.544","1"
"517.000","2.58","2.997","1"
"517.500","2.59","2.967","1"
"518.000","2.59","2.803","1"
"518.500","2.59","2.635","1"
"519.000","2.60","2.952","1"
"519.500","2.60","2.786","1"
"520.000","2.60","3.017","1"
"520.500","2.60","2.763","1"
"521.000","2.60","2.476","1"
"521.500","2.61","2.863","1"
"522.000","2.61","2.341","1"
"522.500","2.61","2.820","1"
"523.000","2.62","2.786","1"
"523.500","2.62","3.027","1"
"524.000","2.62","3.133","1"
"524.500","2.62","3.244","1"
"525.000","2.62","2.609","1"
"525.500","2.63","2.919","1"
"526.000","2.63","2.756","1"
"526.500","2.63","2.849","1"
"527.000","2.64","2.359","1"
"527.500","2.64","2.632","1"
"528.000","2.64","3.245","1"
"528.500","2.64","3.132","1"
"529.000","2.65","2.537","1"
"529.500","2.65","2.786","1"
"530.000","2.65","2.672","1"
"530.500","2.65","3.243","1"
"531.000","2.66","2.997","1"
"531.500","2.66","2.882","1"
"532.000","2.66","2.658","1"
"532.500","2.66","2.187","1"
"533.000","2.67","3.059","1"
"533.500","2.67","2.868","1"
"534.000","2.67","2.932","1"
"534.500","2.67","2.380","1"
"535.000","2.68","2.868","1"
"535.500","2.68","2.611","1"
"536.000","2.68","2.227","1"
"536.500","2.68","3.047","1"
"537.000","2.69","3.221","1"
"537.500","2.69","2.866","1"
"538.000","2.69","2.615","1"
"538.500","2.69","2.810","1"
"539.000","2.69","2.518","1"
"539.500","2.70","2.947","1"
"540.000","2.70","3.142","1"
"540.500","2.70","3.022","1"
"541.000","2.71","2.934","1"
"541.500","2.71","2.835","1"
"542.000","2.71","2.740","1"
"542.500","2.71","2.778","1"
"543.000","2.71","2.866","1"
"543.500","2.72","3.102","1"
"544.000","2.72","3.032","1"
"544.500","2.72","2.498","1"
"545.000","2.73","2.958","1"
"545.500","2.73","2.364","1"
"546.000","2.73","2.714","1"
"546.500","2.73","2.652","1"
"547.000","2.73","3.124","1"
"547.500","2.74","3.099","1"
"548.000","2.74","3.155","1"
"548.500","2.74","2.299","1"
"549.000","2.75","2.923","1"
"549.500","2.75","2.658","1"
"550.000","2.75","2.693","1"
"550.500","2.75","2.655","1"
"551.000","2.75","3.241","1"
"551.500","2.76","3.083","1"
"552.000","2.76","3.271","1"
"552.500","2.76","2.951","1"
"553.000","2.77","2.873","1"
"553.500","2.77","2.714","1"
"554.000","2.77","3.086","1"
"554.500","2.77","3.095","1"
"555.000","2.77","2.978","1"
"555.500","2.78","2.312","1"
"556.000","2.78","2.834","1"
"556.500","2.78","2.776","1"
"557.000","2.79","2.670","1"
"557.500","2.79","2.733","1"
"558.000","2.79","2.757","1"
"558.500","2.79","2.199","1"
"559.000","2.79","2.915","1"
"559.500","2.80","3.175","1"
"560.000","2.80","2.709","1"
"560.500","2.80","2.639","1"
"561.000","2.81","2.684","1"
"561.500","2.81","3.184","1"
"562.000","2.81","3.036","1"
"562.500","2.81","2.879","1"
"563.000","2.81","2.851","1"
"563.500","2.82","2.860","1"
"564.000","2.82","3.201","1"
"564.500","2.82","3.157","1"
"565.000","2.83","2.714","1"
"565.500","2.83","2.808","1"
"566.000","2.83","2.915","1"
"566.500","2.83","3.172","1"
"567.000","2.83","2.776","1"
"567.500","2.84","2.842","1"
"568.000","2.84","2.848","1"
"568.500","2.84","2.414","1"
"569.000","2.85","2.781","1"
"569.500","2.85","2.706","1"
"570.000","2.85","3.060","1"
"570.500","2.85","2.772","1"
"571.000","2.85","3.069","1"
"571.500","2.86","3.218","1"
"572.000","2.86","2.220","1"
"572.500","2.86","3.152","1"
"573.000","2.87","2.811","1"
"573.500","2.87","2.994","1"
"574.000","2.87","2.864","1"
"574.500","2.87","3.022","1"
"575.000","2.88","2.417","1"
"575.500","2.88","2.983","1"
"576.000","2.88","3.049","1"
"576.500","2.88","2.832","1"
"577.000","2.89","2.846","1"
"577.500","2.89","2.761","1"
"578.000","2.89","2.854","1"
"578.500","2.89","3.011","1"
"579.000","2.90","2.812","1"
"579.500","2.90","2.885","1"
"580.000","2.90","3.138","1"
"580.500","2.90","3.000","1"
"581.000","2.91","2.491","1"
"581.500","2.91","2.695","1"
"582.000","2.91","2.931","1"
"582.500","2.91","2.946","1"
"583.000","2.92","2.747","1"
"583.500","2.92","3.055","1"
"584.000","2.92","2.817","1"
"584.500","2.92","2.472","1"
"585.000","2.93","3.174","1"
"585.500","2.93","2.566","1"
"586.000","2.93","3.017","1"
"586.500","2.93","3.247","1"
"587.000","2.94","3.150","1"
"587.500","2.94","3.210","1"
"588.000","2.94","2.887","1"
"588.500","2.94","2.341","1"
"589.000","2.94","2.801","1"
"589.500","2.95","2.710","1"
"590.000","2.95","2.945","1"
"590.500","2.95","2.981","1"
"591.000","2.96","2.986","1"
"591.500","2.96","2.749","1"
"592.000","2.96","2.874","1"
"592.500","2.96","2.759","1"
"593.000","2.96","2.579","1"
"593.500","2.97","2.926","1"
"594.000","2.97","2.339","1"
"594.500","2.97","2.808","1"
"595.000","2.98","3.297","1"
"595.500","2.98","2.750","1"
"596.000","2.98","2.629","1"
"596.500","2.98","3.282","1"
"597.000","2.98","2.891","1"
"597.500","2.99","2.626","1"
"598.000","2.99","2.786","1"
"598.500","2.99","2.755","1"
"599.000","3.00","3.183","1"
"599.500","3.00","2.955","1"
"600.000","3.00","3.034","1"
"0","0","-0.000002","2"
"0.5","0.0025","0.000577","2"
"1","0.005","0.001117","2"
"1.5","0.0075","0.001631","2"
"2","0.01","0.002123","2"
"2.5","0.0125","0.002598","2"
"3","0.015","0.003057","2"
"3.5","0.0175","0.003500","2"
"4","0.02","0.003927","2"
"4.5","0.0225","0.004343","2"
"5","0.025","0.004745","2"
"5.5","0.0275","0.005133","2"
"6","0.03","0.005506","2"
"6.5","0.0325","0.005870","2"
"7","0.035","0.006219","2"
"7.5","0.0375","0.006554","2"
"8","0.04","0.006878","2"
"8.5","0.0425","0.007191","2"
"9","0.045","0.007492","2"
"9.5","0.0475","0.007780","2"
"10","0.05","0.008060","2"
"10.5","0.0525","0.008328","2"
"11","0.055","0.008585","2"
"11.5","0.0575","0.008834","2"
"12","0.06","0.009076","2"
"12.5","0.0625","0.009308","2"
"13","0.065","0.009532","2"
"13.5","0.0675","0.009747","2"
"14","0.07","0.009953","2"
"14.5","0.0725","0.010151","2"
"15","0.075","0.010341","2"
"15.5","0.0775","0.010525","2"
"16","0.08","0.010701","2"
"16.5","0.0825","0.010870","2"
"17","0.085","0.011032","2"
"17.5","0.0875","0.011187","2"
"18","0.09","0.011336","2"
"18.5","0.0925","0.011478","2"
"19","0.095","0.011616","2"
"19.5","0.0975","0.011748","2"
"20","0.1","0.011875","2"
"20.5","0.1025","0.011998","2"
"21","0.105","0.012115","2"
"21.5","0.1075","0.012229","2"
"22","0.11","0.012339","2"
"22.5","0.1125","0.012443","2"
"23","0.115","0.012543","2"
"23.5","0.1175","0.012640","2"
"24","0.12","0.012734","2"
"24.5","0.1225","0.012825","2"
"25","0.125","0.012914","2"
"25.5","0.1275","0.013000","2"
"26","0.13","0.013081","2"
"26.5","0.1325","0.013159","2"
"27","0.135","0.013234","2"
"27.5","0.1375","0.013307","2"
"28","0.14","0.013379","2"
"28.5","0.1425","0.013449","2"
"29","0.145","0.013518","2"
"29.5","0.1475","0.013583","2"
"30","0.15","0.013644","2"
"30.5","0.1525","0.013703","2"
"31","0.155","0.013762","2"
"31.5","0.1575","0.013819","2"
"32","0.16","0.013875","2"
"32.5","0.1625","0.013931","2"
"33","0.165","0.013983","2"
"33.5","0.1675","0.014032","2"
"34","0.17","0.014080","2"
"34.5","0.1725","0.014126","2"
"35","0.175","0.014172","2"
"35.5","0.1775","0.014217","2"
"36","0.18","0.014263","2"
"36.5","0.1825","0.014306","2"
"37","0.185","0.014345","2"
"37.5","0.1875","0.014384","2"
"38","0.19","0.014422","2"
"38.5","0.1925","0.014460","2"
"39","0.195","0.014497","2"
"39.5","0.1975","0.014534","2"
"40","0.2","0.014571","2"
"40.5","0.2025","0.014604","2"
"41","0.205","0.014636","2"
"41.5","0.2075","0.014668","2"
"42","0.21","0.014699","2"
"42.5","0.2125","0.014730","2"
"43","0.215","0.014762","2"
"43.5","0.2175","0.014793","2"
"44","0.22","0.014821","2"
"44.5","0.2225","0.014849","2"
"45","0.225","0.014876","2"
"45.5","0.2275","0.014903","2"
"46","0.23","0.014931","2"
"46.5","0.2325","0.014958","2"
"47","0.235","0.014986","2"
"47.5","0.2375","0.015011","2"
"48","0.24","0.015036","2"
"48.5","0.2425","0.015060","2"
"49","0.245","0.015084","2"
"49.5","0.2475","0.015109","2"
"50","0.25","0.015134","2"
"50.5","0.2525","0.015159","2"
"51","0.255","0.015183","2"
"51.5","0.2575","0.015206","2"
"52","0.26","0.015229","2"
"52.5","0.2625","0.015252","2"
"53","0.265","0.015276","2"
"53.5","0.2675","0.015300","2"
"54","0.27","0.015324","2"
"54.5","0.2725","0.015348","2"
"55","0.275","0.015370","2"
"55.5","0.2775","0.015392","2"
"56","0.28","0.015414","2"
"56.5","0.2825","0.015437","2"
"57","0.285","0.015459","2"
"57.5","0.2875","0.015482","2"
"58","0.29","0.015504","2"
"58.5","0.2925","0.015525","2"
"59","0.295","0.015545","2"
"59.5","0.2975","0.015566","2"
"60","0.3","0.015586","2"
"60.5","0.3025","0.015606","2"
"61","0.305","0.015626","2"
"61.5","0.3075","0.015647","2"
"62","0.31","0.015667","2"
"62.5","0.3125","0.015687","2"
"63","0.315","0.015708","2"
"63.5","0.3175","0.015729","2"
"64","0.32","0.015750","2"
"64.5","0.3225","0.015772","2"
"65","0.325","0.015794","2"
"65.5","0.3275","0.015813","2"
"66","0.33","0.015833","2"
"66.5","0.3325","0.015853","2"
"67","0.335","0.015873","2"
"67.5","0.3375","0.015893","2"
"68","0.34","0.015913","2"
"68.5","0.3425","0.015934","2"
"69","0.345","0.015954","2"
"69.5","0.3475","0.015975","2"
"70","0.35","0.015997","2"
"70.5","0.3525","0.016018","2"
"71","0.355","0.016040","2"
"71.5","0.3575","0.016063","2"
"72","0.36","0.016086","2"
"72.5","0.3625","0.016107","2"
"73","0.365","0.016127","2"
"73.5","0.3675","0.016147","2"
"74","0.37","0.016167","2"
"74.5","0.3725","0.016187","2"
"75","0.375","0.016208","2"
"75.5","0.3775","0.016228","2"
"76","0.38","0.016248","2"
"76.5","0.3825","0.016269","2"
"77","0.385","0.016290","2"
"77.5","0.3875","0.016311","2"
"78","0.39","0.016332","2"
"78.5","0.3925","0.016353","2"
"79","0.395","0.016375","2"
"79.5","0.3975","0.016396","2"
"80","0.4","0.016416","2"
"80.5","0.4025","0.016436","2"
"81","0.405","0.016456","2"
"81.5","0.4075","0.016476","2"
"82","0.41","0.016496","2"
"82.5","0.4125","0.016516","2"
"83","0.415","0.016536","2"
"83.5","0.4175","0.016556","2"
"84","0.42","0.016577","2"
"84.5","0.4225","0.016597","2"
"85","0.425","0.016618","2"
"85.5","0.4275","0.016638","2"
"86","0.43","0.016659","2"
"86.5","0.4325","0.016680","2"
"87","0.435","0.016699","2"
"87.5","0.4375","0.016719","2"
"88","0.44","0.016739","2"
"88.5","0.4425","0.016759","2"
"89","0.445","0.016778","2"
"89.5","0.4475","0.016798","2"
"90","0.45","0.016818","2"
"90.5","0.4525","0.016837","2"
"91","0.455","0.016857","2"
"91.5","0.4575","0.016877","2"
"92","0.46","0.016897","2"
"92.5","0.4625","0.016916","2"
"93","0.465","0.016936","2"
"93.5","0.4675","0.016956","2"
"94","0.47","0.016976","2"
"94.5","0.4725","0.016995","2"
"95","0.475","0.017014","2"
"95.5","0.4775","0.017033","2"
"96","0.48","0.017052","2"
"96.5","0.4825","0.017071","2"
"97","0.485","0.017090","2"
"97.5","0.4875","0.017109","2"
"98","0.49","0.017128","2"
"98.5","0.4925","0.017147","2"
"99","0.495","0.017166","2"
"99.5","0.4975","0.017185","2"
"100","0.5","0.017204","2"
"100.5","0.5025","0.017223","2"
"101","0.505","0.017242","2"
"101.5","0.5075","0.017261","2"
"102","0.51","0.017280","2"
"102.5","0.5125","0.017299","2"
"103","0.515","0.017318","2"
"103.5","0.5175","0.017337","2"
"104","0.52","0.017356","2"
"104.5","0.5225","0.017376","2"
"105","0.525","0.017395","2"
"105.5","0.5275","0.017414","2"
"106","0.53","0.017433","2"
"106.5","0.5325","0.017452","2"
"107","0.535","0.017472","2"
"107.5","0.5375","0.017491","2"
"108","0.54","0.017511","2"
"108.5","0.5425","0.017529","2"
"109","0.545","0.017548","2"
"109.5","0.5475","0.017567","2"
"110","0.55","0.017585","2"
"110.5","0.5525","0.017604","2"
"111","0.555","0.017622","2"
"111.5","0.5575","0.017641","2"
"112","0.56","0.017660","2"
"112.5","0.5625","0.017678","2"
"113","0.565","0.017697","2"
"113.5","0.5675","0.017716","2"
"114","0.57","0.017734","2"
"114.5","0.5725","0.017753","2"
"115","0.575","0.017772","2"
"115.5","0.5775","0.017790","2"
"116","0.58","0.017809","2"
"116.5","0.5825","0.017828","2"
"117","0.585","0.017846","2"
"117.5","0.5875","0.017865","2"
"118","0.59","0.017884","2"
"118.5","0.5925","0.017903","2"
"119","0.595","0.017922","2"
"119.5","0.5975","0.017941","2"
"120","0.6","0.017960","2"
"120.5","0.6025","0.017979","2"
"121","0.605","0.017998","2"
"121.5","0.6075","0.018017","2"
"122","0.61","0.018036","2"
"122.5","0.6125","0.018055","2"
"123","0.615","0.018075","2"
"123.5","0.6175","0.018095","2"
"124","0.62","0.018117","2"
"124.5","0.6225","0.018140","2"
"125","0.625","0.018170","2"
"125.5","0.6275","0.018209","2"
"126","0.63","0.018268","2"
"126.5","0.6325","0.018403","2"
"127","0.635","0.018638","2"
"127.5","0.6375","0.018890","2"
"128","0.64","0.019076","2"
"128.5","0.6425","0.019237","2"
"129","0.645","0.019390","2"
"129.5","0.6475","0.019493","2"
"130","0.65","0.019579","2"
"130.5","0.6525","0.019666","2"
"131","0.655","0.019759","2"
"131.5","0.6575","0.019867","2"
"132","0.66","0.019993","2"
"132.5","0.6625","0.020094","2"
"133","0.665","0.020141","2"
"133.5","0.6675","0.020205","2"
"134","0.67","0.020290","2"
"134.5","0.6725","0.020354","2"
"135","0.675","0.020420","2"
"135.5","0.6775","0.020474","2"
"136","0.68","0.020537","2"
"136.5","0.6825","0.020597","2"
"137","0.685","0.020638","2"
"137.5","0.6875","0.020686","2"
"138","0.69","0.020771","2"
"138.5","0.6925","0.020841","2"
"139","0.695","0.020950","2"
"139.5","0.6975","0.021138","2"
"140","0.7","0.021220","2"
"140.5","0.7025","0.021230","2"
"141","0.705","0.021227","2"
"141.5","0.7075","0.021256","2"
"142","0.71","0.021275","2"
"142.5","0.7125","0.021262","2"
"143","0.715","0.021264","2"
"143.5","0.7175","0.021259","2"
"144","0.72","0.021242","2"
"144.5","0.7225","0.021242","2"
"145","0.725","0.021372","2"
"145.5","0.7275","0.021756","2"
"146","0.73","0.022028","2"
"146.5","0.7325","0.022066","2"
"147","0.735","0.022109","2"
"147.5","0.7375","0.022118","2"
"148","0.74","0.022147","2"
"148.5","0.7425","0.022105","2"
"149","0.745","0.022056","2"
"149.5","0.7475","0.022120","2"
"150","0.75","0.022150","2"
"150.5","0.7525","0.022201","2"
"151","0.755","0.022180","2"
"151.5","0.7575","0.022194","2"
"152","0.76","0.022223","2"
"152.5","0.7625","0.022215","2"
"153","0.765","0.022152","2"
"153.5","0.7675","0.022311","2"
"154","0.77","0.022371","2"
"154.5","0.7725","0.022236","2"
"155","0.775","0.022263","2"
"155.5","0.7775","0.022427","2"
"156","0.78","0.022337","2"
"156.5","0.7825","0.022334","2"
"157","0.785","0.022272","2"
"157.5","0.7875","0.022192","2"
"158","0.79","0.022191","2"
"158.5","0.7925","0.022531","2"
"159","0.795","0.022568","2"
"159.5","0.7975","0.022376","2"
"160","0.8","0.022529","2"
"160.5","0.8025","0.022606","2"
"161","0.805","0.022655","2"
"161.5","0.8075","0.022544","2"
"162","0.81","0.022594","2"
"162.5","0.8125","0.022995","2"
"163","0.815","0.022991","2"
"163.5","0.8175","0.022906","2"
"164","0.82","0.022852","2"
"164.5","0.8225","0.023064","2"
"165","0.825","0.023351","2"
"165.5","0.8275","0.023128","2"
"166","0.83","0.022985","2"
"166.5","0.8325","0.023112","2"
"167","0.835","0.023022","2"
"167.5","0.8375","0.022996","2"
"168","0.84","0.022872","2"
"168.5","0.8425","0.022786","2"
"169","0.845","0.023176","2"
"169.5","0.8475","0.023279","2"
"170","0.85","0.023162","2"
"170.5","0.8525","0.023313","2"
"171","0.855","0.023296","2"
"171.5","0.8575","0.023145","2"
"172","0.86","0.023253","2"
"172.5","0.8625","0.023188","2"
"173","0.865","0.023242","2"
"173.5","0.8675","0.023104","2"
"174","0.87","0.023029","2"
"174.5","0.8725","0.023389","2"
"175","0.875","0.023376","2"
"175.5","0.8775","0.023577","2"
"176","0.88","0.023623","2"
"176.5","0.8825","0.023545","2"
"177","0.885","0.023416","2"
"177.5","0.8875","0.023560","2"
"178","0.89","0.023514","2"
"178.5","0.8925","0.023530","2"
"179","0.895","0.023475","2"
"179.5","0.8975","0.023462","2"
"180","0.9","0.023608","2"
"180.5","0.9025","0.023565","2"
"181","0.905","0.023725","2"
"181.5","0.9075","0.023741","2"
"182","0.91","0.023653","2"
"182.5","0.9125","0.023593","2"
"183","0.915","0.023749","2"
"183.5","0.9175","0.023729","2"
"184","0.92","0.023787","2"
"184.5","0.9225","0.023764","2"
"185","0.925","0.023778","2"
"185.5","0.9275","0.023828","2"
"186","0.93","0.023852","2"
"186.5","0.9325","0.024012","2"
"187","0.935","0.023913","2"
"187.5","0.9375","0.023842","2"
"188","0.94","0.023987","2"
"188.5","0.9425","0.023931","2"
"189","0.945","0.024000","2"
"189.5","0.9475","0.023951","2"
"190","0.95","0.024047","2"
"190.5","0.9525","0.024091","2"
"191","0.955","0.024085","2"
"191.5","0.9575","0.024173","2"
"192","0.96","0.024126","2"
"192.5","0.9625","0.024034","2"
"193","0.965","0.024219","2"
"193.5","0.9675","0.024150","2"
"194","0.97","0.024217","2"
"194.5","0.9725","0.024331","2"
"195","0.975","0.024292","2"
"195.5","0.9775","0.024287","2"
"196","0.98","0.024361","2"
"196.5","0.9825","0.024430","2"
"197","0.985","0.024297","2"
"197.5","0.9875","0.024276","2"
"198","0.99","0.024428","2"
"198.5","0.9925","0.024370","2"
"199","0.995","0.024412","2"
"199.5","0.9975","0.024571","2"
"200","1","0.024621","2"
"200.5","1.0025","0.024572","2"
"201","1.005","0.024575","2"
"201.5","1.0075","0.024605","2"
"202","1.01","0.024464","2"
"202.5","1.0125","0.024462","2"
"203","1.015","0.024588","2"
"203.5","1.0175","0.024608","2"
"204","1.02","0.024749","2"
"204.5","1.0225","0.024737","2"
"205","1.025","0.024811","2"
"205.5","1.0275","0.024927","2"
"206","1.03","0.024822","2"
"206.5","1.0325","0.024760","2"
"207","1.035","0.024663","2"
"207.5","1.0375","0.024906","2"
"208","1.04","0.024911","2"
"208.5","1.0425","0.024802","2"
"209","1.045","0.024823","2"
"209.5","1.0475","0.025131","2"
"210","1.05","0.025051","2"
"210.5","1.0525","0.025034","2"
"211","1.055","0.025145","2"
"211.5","1.0575","0.025112","2"
"212","1.06","0.025032","2"
"212.5","1.0625","0.025042","2"
"213","1.065","0.025006","2"
"213.5","1.0675","0.024992","2"
"214","1.07","0.025123","2"
"214.5","1.0725","0.025107","2"
"215","1.075","0.025040","2"
"215.5","1.0775","0.025117","2"
"216","1.08","0.025247","2"
"216.5","1.0825","0.025162","2"
"217","1.085","0.025331","2"
"217.5","1.0875","0.025224","2"
"218","1.09","0.025272","2"
"218.5","1.0925","0.025432","2"
"219","1.095","0.025380","2"
"219.5","1.0975","0.025328","2"
"220","1.1","0.025346","2"
"220.5","1.1025","0.025609","2"
"221","1.105","0.025525","2"
"221.5","1.1075","0.025579","2"
"222","1.11","0.025619","2"
"222.5","1.1125","0.025562","2"
"223","1.115","0.025474","2"
"223.5","1.1175","0.025525","2"
"224","1.12","0.025402","2"
"224.5","1.1225","0.025434","2"
"225","1.125","0.025468","2"
"225.5","1.1275","0.025538","2"
"226","1.13","0.025399","2"
"226.5","1.1325","0.025563","2"
"227","1.135","0.025496","2"
"227.5","1.1375","0.025489","2"
"228","1.14","0.025578","2"
"228.5","1.1425","0.025478","2"
"229","1.145","0.025653","2"
"229.5","1.1475","0.025748","2"
"230","1.15","0.025806","2"
"230.5","1.1525","0.025895","2"
"231","1.155","0.025934","2"
"231.5","1.1575","0.025790","2"
"232","1.16","0.025803","2"
"232.5","1.1625","0.025888","2"
"233","1.165","0.025794","2"
"233.5","1.1675","0.026022","2"
"234","1.17","0.026052","2"
"234.5","1.1725","0.026048","2"
"235","1.175","0.026250","2"
"235.5","1.1775","0.026165","2"
"236","1.18","0.026083","2"
"236.5","1.1825","0.026095","2"
"237","1.185","0.026114","2"
"237.5","1.1875","0.026230","2"
"238","1.19","0.026207","2"
"238.5","1.1925","0.026330","2"
"239","1.195","0.026417","2"
"239.5","1.1975","0.026458","2"
"240","1.2","0.026359","2"
"240.5","1.2025","0.026347","2"
"241","1.205","0.026244","2"
"241.5","1.2075","0.026258","2"
"242","1.21","0.026492","2"
"242.5","1.2125","0.026471","2"
"243","1.215","0.026449","2"
"243.5","1.2175","0.026598","2"
"244","1.22","0.026644","2"
"244.5","1.2225","0.026565","2"
"245","1.225","0.026532","2"
"245.5","1.2275","0.026467","2"
"246","1.23","0.026610","2"
"246.5","1.2325","0.026704","2"
"247","1.235","0.026661","2"
"247.5","1.2375","0.026661","2"
"248","1.24","0.026855","2"
"248.5","1.2425","0.026826","2"
"249","1.245","0.026762","2"
"249.5","1.2475","0.026691","2"
"250","1.25","0.026750","2"
"250.5","1.2525","0.026989","2"
"251","1.255","0.026863","2"
"251.5","1.2575","0.026957","2"
"252","1.26","0.026853","2"
"252.5","1.2625","0.026992","2"
"253","1.265","0.027052","2"
"253.5","1.2675","0.027001","2"
"254","1.27","0.026960","2"
"254.5","1.2725","0.027214","2"
"255","1.275","0.027144","2"
"255.5","1.2775","0.027249","2"
"256","1.28","0.027150","2"
"256.5","1.2825","0.027071","2"
"257","1.285","0.027229","2"
"257.5","1.2875","0.027254","2"
"258","1.29","0.027381","2"
"258.5","1.2925","0.027769","2"
"259","1.295","0.027791","2"
"259.5","1.2975","0.027852","2"
"260","1.3","0.027767","2"
"260.5","1.3025","0.027994","2"
"261","1.305","0.028200","2"
"261.5","1.3075","0.028361","2"
"262","1.31","0.028625","2"
"262.5","1.3125","0.028872","2"
"263","1.315","0.028907","2"
"263.5","1.3175","0.028783","2"
"264","1.32","0.028652","2"
"264.5","1.3225","0.029008","2"
"265","1.325","0.028885","2"
"265.5","1.3275","0.028820","2"
"266","1.33","0.028968","2"
"266.5","1.3325","0.028790","2"
"267","1.335","0.029037","2"
"267.5","1.3375","0.028964","2"
"268","1.34","0.029012","2"
"268.5","1.3425","0.029334","2"
"269","1.345","0.029289","2"
"269.5","1.3475","0.028883","2"
"270","1.35","0.028587","2"
"270.5","1.3525","0.028714","2"
"271","1.355","0.028644","2"
"271.5","1.3575","0.028588","2"
"272","1.36","0.028741","2"
"272.5","1.3625","0.028667","2"
"273","1.365","0.028644","2"
"273.5","1.3675","0.029035","2"
"274","1.37","0.029376","2"
"274.5","1.3725","0.029282","2"
"275","1.375","0.029158","2"
"275.5","1.3775","0.029385","2"
"276","1.38","0.029418","2"
"276.5","1.3825","0.029108","2"
"277","1.385","0.028770","2"
"277.5","1.3875","0.028421","2"
"278","1.39","0.028783","2"
"278.5","1.3925","0.029196","2"
"279","1.395","0.029522","2"
"279.5","1.3975","0.029391","2"
"280","1.4","0.029725","2"
"280.5","1.4025","0.030204","2"
"281","1.405","0.030240","2"
"281.5","1.4075","0.030468","2"
"282","1.41","0.030277","2"
"282.5","1.4125","0.030310","2"
"283","1.415","0.030617","2"
"283.5","1.4175","0.030325","2"
"284","1.42","0.030787","2"
"284.5","1.4225","0.030838","2"
"285","1.425","0.030508","2"
"285.5","1.4275","0.030180","2"
"286","1.43","0.029995","2"
"286.5","1.4325","0.029788","2"
"287","1.435","0.030023","2"
"287.5","1.4375","0.029768","2"
"288","1.44","0.030175","2"
"288.5","1.4425","0.030575","2"
"289","1.445","0.030517","2"
"289.5","1.4475","0.030354","2"
"290","1.45","0.029872","2"
"290.5","1.4525","0.030864","2"
"291","1.455","0.031117","2"
"291.5","1.4575","0.030595","2"
"292","1.46","0.030178","2"
"292.5","1.4625","0.029999","2"
"293","1.465","0.030920","2"
"293.5","1.4675","0.030839","2"
"294","1.47","0.031159","2"
"294.5","1.4725","0.031033","2"
"295","1.475","0.030430","2"
"295.5","1.4775","0.030233","2"
"296","1.48","0.030030","2"
"296.5","1.4825","0.030230","2"
"297","1.485","0.029670","2"
"297.5","1.4875","0.030295","2"
"298","1.49","0.030440","2"
"298.5","1.4925","0.030907","2"
"299","1.495","0.030727","2"
"299.5","1.4975","0.030372","2"
"300","1.5","0.030309","2"
"300.5","1.5025","0.029996","2"
"301","1.505","0.030380","2"
"301.5","1.5075","0.030830","2"
"302","1.51","0.030659","2"
"302.5","1.5125","0.030776","2"
"303","1.515","0.031045","2"
"303.5","1.5175","0.030598","2"
"304","1.52","0.029919","2"
"304.5","1.5225","0.029907","2"
"305","1.525","0.029958","2"
"305.5","1.5275","0.030949","2"
"306","1.53","0.030898","2"
"306.5","1.5325","0.031212","2"
"307","1.535","0.031363","2"
"307.5","1.5375","0.031032","2"
"308","1.54","0.030533","2"
"308.5","1.5425","0.030969","2"
"309","1.545","0.031240","2"
"309.5","1.5475","0.030464","2"
"310","1.55","0.030140","2"
"310.5","1.5525","0.030277","2"
"311","1.555","0.030596","2"
"311.5","1.5575","0.031225","2"
"312","1.56","0.031539","2"
"312.5","1.5625","0.031562","2"
"313","1.565","0.031145","2"
"313.5","1.5675","0.030425","2"
"314","1.57","0.030685","2"
"314.5","1.5725","0.030786","2"
"315","1.575","0.030275","2"
"315.5","1.5775","0.030001","2"
"316","1.58","0.029807","2"
"316.5","1.5825","0.030012","2"
"317","1.585","0.030853","2"
"317.5","1.5875","0.031891","2"
"318","1.59","0.031147","2"
"318.5","1.5925","0.031708","2"
"319","1.595","0.032046","2"
"319.5","1.5975","0.031504","2"
"320","1.6","0.030784","2"
"320.5","1.6025","0.030658","2"
"321","1.605","0.030421","2"
"321.5","1.6075","0.030262","2"
"322","1.61","0.030120","2"
"322.5","1.6125","0.029579","2"
"323","1.615","0.029512","2"
"323.5","1.6175","0.029774","2"
"324","1.62","0.030437","2"
"324.5","1.6225","0.030732","2"
"325","1.625","0.032621","2"
"325.5","1.6275","0.032679","2"
"326","1.63","0.032300","2"
"326.5","1.6325","0.032136","2"
"327","1.635","0.032132","2"
"327.5","1.6375","0.031982","2"
"328","1.64","0.033090","2"
"328.5","1.6425","0.033311","2"
"329","1.645","0.033643","2"
"329.5","1.6475","0.033311","2"
"330","1.65","0.033220","2"
"330.5","1.6525","0.033634","2"
"331","1.655","0.032980","2"
"331.5","1.6575","0.033824","2"
"332","1.66","0.033555","2"
"332.5","1.6625","0.033049","2"
"333","1.665","0.033143","2"
"333.5","1.6675","0.031994","2"
"334","1.67","0.031903","2"
"334.5","1.6725","0.030445","2"
"335","1.675","0.029365","2"
"335.5","1.6775","0.030804","2"
"336","1.68","0.031400","2"
"336.5","1.6825","0.031208","2"
"337","1.685","0.031958","2"
"337.5","1.6875","0.031660","2"
"338","1.69","0.031518","2"
"338.5","1.6925","0.031803","2"
"339","1.695","0.032191","2"
"339.5","1.6975","0.032275","2"
"340","1.7","0.032285","2"
"340.5","1.7025","0.032948","2"
"341","1.705","0.033536","2"
"341.5","1.7075","0.031968","2"
"342","1.71","0.032121","2"
"342.5","1.7125","0.031828","2"
"343","1.715","0.032044","2"
"343.5","1.7175","0.032771","2"
"344","1.72","0.032255","2"
"344.5","1.7225","0.032424","2"
"345","1.725","0.032251","2"
"345.5","1.7275","0.033598","2"
"346","1.73","0.031994","2"
"346.5","1.7325","0.032915","2"
"347","1.735","0.033301","2"
"347.5","1.7375","0.032830","2"
"348","1.74","0.033490","2"
"348.5","1.7425","0.034589","2"
"349","1.745","0.033980","2"
"349.5","1.7475","0.032275","2"
"350","1.75","0.031144","2"
"350.5","1.7525","0.031962","2"
"351","1.755","0.031479","2"
"351.5","1.7575","0.030893","2"
"352","1.76","0.032196","2"
"352.5","1.7625","0.031768","2"
"353","1.765","0.033438","2"
"353.5","1.7675","0.033737","2"
"354","1.77","0.034016","2"
"354.5","1.7725","0.033903","2"
"355","1.775","0.034026","2"
"355.5","1.7775","0.034065","2"
"356","1.78","0.034195","2"
"356.5","1.7825","0.033377","2"
"357","1.785","0.033914","2"
"357.5","1.7875","0.032581","2"
"358","1.79","0.032534","2"
"358.5","1.7925","0.033487","2"
"359","1.795","0.031539","2"
"359.5","1.7975","0.031504","2"
"360","1.8","0.030959","2"
"360.5","1.8025","0.030840","2"
"361","1.805","0.031137","2"
"361.5","1.8075","0.031613","2"
"362","1.81","0.030838","2"
"362.5","1.8125","0.031985","2"
"363","1.815","0.032471","2"
"363.5","1.8175","0.034124","2"
"364","1.82","0.034721","2"
"364.5","1.8225","0.034080","2"
"365","1.825","0.034056","2"
"365.5","1.8275","0.035404","2"
"366","1.83","0.034322","2"
"366.5","1.8325","0.032985","2"
"367","1.835","0.030417","2"
"367.5","1.8375","0.030110","2"
"368","1.84","0.031072","2"
"368.5","1.8425","0.031761","2"
"369","1.845","0.033555","2"
"369.5","1.8475","0.033744","2"
"370","1.85","0.033888","2"
"370.5","1.8525","0.033283","2"
"371","1.855","0.033216","2"
"371.5","1.8575","0.033905","2"
"372","1.86","0.033891","2"
"372.5","1.8625","0.031733","2"
"373","1.865","0.031967","2"
"373.5","1.8675","0.031898","2"
"374","1.87","0.031282","2"
"374.5","1.8725","0.031201","2"
"375","1.875","0.034627","2"
"375.5","1.8775","0.033137","2"
"376","1.88","0.031864","2"
"376.5","1.8825","0.030522","2"
"377","1.885","0.029998","2"
"377.5","1.8875","0.030736","2"
"378","1.89","0.030676","2"
"378.5","1.8925","0.030860","2"
"379","1.895","0.032233","2"
"379.5","1.8975","0.033893","2"
"380","1.9","0.033433","2"
"380.5","1.9025","0.034526","2"
"381","1.905","0.033444","2"
"381.5","1.9075","0.032004","2"
"382","1.91","0.033903","2"
"382.5","1.9125","0.034713","2"
"383","1.915","0.034927","2"
"383.5","1.9175","0.035993","2"
"384","1.92","0.036655","2"
"384.5","1.9225","0.035010","2"
"385","1.925","0.035260","2"
"385.5","1.9275","0.035449","2"
"386","1.93","0.033992","2"
"386.5","1.9325","0.034063","2"
"387","1.935","0.035177","2"
"387.5","1.9375","0.032048","2"
"388","1.94","0.031314","2"
"388.5","1.9425","0.032011","2"
"389","1.945","0.028228","2"
"389.5","1.9475","0.029732","2"
"390","1.95","0.032569","2"
"390.5","1.9525","0.033049","2"
"391","1.955","0.031216","2"
"391.5","1.9575","0.032083","2"
"392","1.96","0.032239","2"
"392.5","1.9625","0.033163","2"
"393","1.965","0.036007","2"
"393.5","1.9675","0.035920","2"
"394","1.97","0.036845","2"
"394.5","1.9725","0.036722","2"
"395","1.975","0.035404","2"
"395.5","1.9775","0.035460","2"
"396","1.98","0.034697","2"
"396.5","1.9825","0.032533","2"
"397","1.985","0.031978","2"
"397.5","1.9875","0.028526","2"
"398","1.99","0.030384","2"
"398.5","1.9925","0.032632","2"
"399","1.995","0.033307","2"
"399.5","1.9975","0.035391","2"
"400","2","0.034603","2"
"400.5","2.0025","0.035614","2"
"401","2.005","0.035089","2"
"401.5","2.0075","0.032110","2"
"402","2.01","0.032590","2"
"402.5","2.0125","0.031309","2"
"403","2.015","0.031541","2"
"403.5","2.0175","0.030479","2"
"404","2.02","0.031158","2"
"404.5","2.0225","0.033274","2"
"405","2.025","0.034805","2"
"405.5","2.0275","0.035492","2"
"406","2.03","0.033164","2"
"406.5","2.0325","0.035696","2"
"407","2.035","0.036414","2"
"407.5","2.0375","0.034267","2"
"408","2.04","0.032421","2"
"408.5","2.0425","0.034605","2"
"409","2.045","0.037058","2"
"409.5","2.0475","0.035971","2"
"410","2.05","0.032643","2"
"410.5","2.0525","0.029949","2"
"411","2.055","0.030909","2"
"411.5","2.0575","0.026544","2"
"412","2.06","0.029660","2"
"412.5","2.0625","0.031412","2"
"413","2.065","0.031290","2"
"413.5","2.0675","0.031001","2"
"414","2.07","0.031411","2"
"414.5","2.0725","0.029555","2"
"415","2.075","0.032951","2"
"415.5","2.0775","0.032151","2"
"416","2.08","0.032788","2"
"416.5","2.0825","0.033010","2"
"417","2.085","0.036986","2"
"417.5","2.0875","0.034577","2"
"418","2.09","0.034684","2"
"418.5","2.0925","0.034117","2"
"419","2.095","0.031649","2"
"419.5","2.0975","0.032063","2"
"420","2.1","0.031438","2"
"420.5","2.1025","0.036615","2"
"421","2.105","0.035441","2"
"421.5","2.1075","0.034091","2"
"422","2.11","0.031637","2"
"422.5","2.1125","0.030641","2"
"423","2.115","0.037625","2"
"423.5","2.1175","0.032183","2"
"424","2.12","0.036654","2"
"424.5","2.1225","0.037593","2"
"425","2.125","0.034035","2"
"425.5","2.1275","0.038334","2"
"426","2.13","0.035744","2"
"426.5","2.1325","0.035453","2"
"427","2.135","0.033629","2"
"427.5","2.1375","0.029445","2"
"428","2.14","0.032939","2"
"428.5","2.1425","0.033501","2"
"429","2.145","0.034257","2"
"429.5","2.1475","0.031784","2"
"430","2.15","0.035465","2"
"430.5","2.1525","0.034407","2"
"431","2.155","0.032879","2"
"431.5","2.1575","0.035966","2"
"432","2.16","0.035329","2"
"432.5","2.1625","0.034421","2"
"433","2.165","0.035210","2"
"433.5","2.1675","0.034436","2"
"434","2.17","0.032135","2"
"434.5","2.1725","0.029724","2"
"435","2.175","0.030375","2"
"435.5","2.1775","0.031841","2"
"436","2.18","0.031926","2"
"436.5","2.1825","0.036979","2"
"437","2.185","0.036448","2"
"437.5","2.1875","0.027838","2"
"438","2.19","0.033507","2"
"438.5","2.1925","0.039944","2"
"439","2.195","0.035165","2"
"439.5","2.1975","0.035694","2"
"440","2.2","0.033844","2"
"440.5","2.2025","0.028979","2"
"441","2.205","0.037684","2"
"441.5","2.2075","0.036576","2"
"442","2.21","0.039986","2"
"442.5","2.2125","0.039125","2"
"443","2.215","0.033674","2"
"443.5","2.2175","0.034502","2"
"444","2.22","0.036072","2"
"444.5","2.2225","0.032663","2"
"445","2.225","0.031373","2"
"445.5","2.2275","0.033337","2"
"446","2.23","0.033018","2"
"446.5","2.2325","0.032191","2"
"447","2.235","0.025062","2"
"447.5","2.2375","0.033584","2"
"448","2.24","0.036695","2"
"448.5","2.2425","0.037286","2"
"449","2.245","0.033060","2"
"449.5","2.2475","0.024949","2"
"450","2.25","0.030988","2"
"450.5","2.2525","0.034760","2"
"451","2.255","0.036148","2"
"451.5","2.2575","0.034211","2"
"452","2.26","0.030347","2"
"452.5","2.2625","0.037702","2"
"453","2.265","0.036730","2"
"453.5","2.2675","0.031959","2"
"454","2.27","0.029647","2"
"454.5","2.2725","0.034402","2"
"455","2.275","0.036176","2"
"455.5","2.2775","0.038085","2"
"456","2.28","0.035249","2"
"456.5","2.2825","0.033462","2"
"457","2.285","0.037354","2"
"457.5","2.2875","0.035193","2"
"458","2.29","0.035530","2"
"458.5","2.2925","0.035870","2"
"459","2.295","0.037253","2"
"459.5","2.2975","0.035417","2"
"460","2.3","0.034971","2"
"460.5","2.3025","0.033809","2"
"461","2.305","0.035291","2"
"461.5","2.3075","0.037901","2"
"462","2.31","0.039235","2"
"462.5","2.3125","0.034024","2"
"463","2.315","0.030529","2"
"463.5","2.3175","0.030053","2"
"464","2.32","0.032307","2"
"464.5","2.3225","0.034360","2"
"465","2.325","0.033090","2"
"465.5","2.3275","0.033745","2"
"466","2.33","0.033115","2"
"466.5","2.3325","0.028778","2"
"467","2.335","0.032537","2"
"467.5","2.3375","0.034748","2"
"468","2.34","0.030495","2"
"468.5","2.3425","0.035720","2"
"469","2.345","0.037885","2"
"469.5","2.3475","0.038908","2"
"470","2.35","0.035707","2"
"470.5","2.3525","0.034305","2"
"471","2.355","0.032868","2"
"471.5","2.3575","0.034713","2"
"472","2.36","0.039137","2"
"472.5","2.3625","0.039171","2"
"473","2.365","0.032273","2"
"473.5","2.3675","0.034376","2"
"474","2.37","0.031298","2"
"474.5","2.3725","0.029605","2"
"475","2.375","0.035174","2"
"475.5","2.3775","0.035738","2"
"476","2.38","0.034497","2"
"476.5","2.3825","0.036592","2"
"477","2.385","0.040637","2"
"477.5","2.3875","0.034765","2"
"478","2.39","0.035318","2"
"478.5","2.3925","0.032710","2"
"479","2.395","0.039035","2"
"479.5","2.3975","0.036070","2"
"480","2.4","0.032053","2"
"480.5","2.4025","0.029976","2"
"481","2.405","0.038305","2"
"481.5","2.4075","0.039661","2"
"482","2.41","0.029111","2"
"482.5","2.4125","0.031663","2"
"483","2.415","0.028784","2"
"483.5","2.4175","0.036562","2"
"484","2.42","0.040881","2"
"484.5","2.4225","0.032976","2"
"485","2.425","0.038339","2"
"485.5","2.4275","0.037273","2"
"486","2.43","0.033174","2"
"486.5","2.4325","0.039076","2"
"487","2.435","0.031054","2"
"487.5","2.4375","0.033340","2"
"488","2.44","0.030881","2"
"488.5","2.4425","0.035449","2"
"489","2.445","0.035442","2"
"489.5","2.4475","0.030552","2"
"490","2.45","0.035790","2"
"490.5","2.4525","0.034488","2"
"491","2.455","0.037828","2"
"491.5","2.4575","0.039003","2"
"492","2.46","0.034735","2"
"492.5","2.4625","0.032402","2"
"493","2.465","0.027892","2"
"493.5","2.4675","0.038506","2"
"494","2.47","0.032384","2"
"494.5","2.4725","0.034816","2"
"495","2.475","0.035100","2"
"495.5","2.4775","0.031404","2"
"496","2.48","0.035191","2"
"496.5","2.4825","0.033027","2"
"497","2.485","0.036353","2"
"497.5","2.4875","0.036024","2"
"498","2.49","0.035835","2"
"498.5","2.4925","0.026908","2"
"499","2.495","0.037732","2"
"499.5","2.4975","0.033090","2"
"500","2.5","0.034084","2"
"500.5","2.5025","0.028420","2"
"501","2.505","0.033142","2"
"501.5","2.5075","0.035386","2"
"502","2.51","0.038233","2"
"502.5","2.5125","0.034507","2"
"503","2.515","0.028235","2"
"503.5","2.5175","0.034592","2"
"504","2.52","0.036544","2"
"504.5","2.5225","0.036414","2"
"505","2.525","0.037407","2"
"505.5","2.5275","0.034710","2"
"506","2.53","0.037513","2"
"506.5","2.5325","0.035923","2"
"507","2.535","0.035026","2"
"507.5","2.5375","0.040331","2"
"508","2.54","0.032411","2"
"508.5","2.5425","0.038527","2"
"509","2.545","0.036709","2"
"509.5","2.5475","0.036673","2"
"510","2.55","0.036111","2"
"510.5","2.5525","0.036238","2"
"511","2.555","0.033196","2"
"511.5","2.5575","0.039206","2"
"512","2.56","0.035634","2"
"512.5","2.5625","0.037867","2"
"513","2.565","0.033214","2"
"513.5","2.5675","0.037090","2"
"514","2.57","0.035270","2"
"514.5","2.5725","0.034611","2"
"515","2.575","0.036012","2"
"515.5","2.5775","0.035755","2"
"516","2.58","0.034861","2"
"516.5","2.5825","0.032222","2"
"517","2.585","0.038011","2"
"517.5","2.5875","0.037615","2"
"518","2.59","0.035550","2"
"518.5","2.5925","0.033358","2"
"519","2.595","0.037413","2"
"519.5","2.5975","0.035317","2"
"520","2.6","0.038268","2"
"520.5","2.6025","0.034990","2"
"521","2.605","0.031335","2"
"521.5","2.6075","0.036267","2"
"522","2.61","0.029614","2"
"522.5","2.6125","0.035748","2"
"523","2.615","0.035293","2"
"523.5","2.6175","0.038416","2"
"524","2.62","0.039724","2"
"524.5","2.6225","0.041174","2"
"525","2.625","0.033030","2"
"525.5","2.6275","0.036981","2"
"526","2.63","0.034916","2"
"526.5","2.6325","0.036099","2"
"527","2.635","0.029823","2"
"527.5","2.6375","0.033291","2"
"528","2.64","0.041215","2"
"528.5","2.6425","0.039723","2"
"529","2.645","0.032110","2"
"529.5","2.6475","0.035322","2"
"530","2.65","0.033855","2"
"530.5","2.6525","0.041116","2"
"531","2.655","0.037998","2"
"531.5","2.6575","0.036527","2"
"532","2.66","0.033655","2"
"532.5","2.6625","0.027640","2"
"533","2.665","0.038795","2"
"533.5","2.6675","0.036345","2"
"534","2.67","0.037165","2"
"534.5","2.6725","0.030077","2"
"535","2.675","0.036335","2"
"535.5","2.6775","0.033061","2"
"536","2.68","0.028167","2"
"536.5","2.6825","0.038594","2"
"537","2.685","0.040835","2"
"537.5","2.6875","0.036271","2"
"538","2.69","0.033115","2"
"538.5","2.6925","0.035602","2"
"539","2.695","0.031896","2"
"539.5","2.6975","0.037355","2"
"540","2.7","0.039811","2"
"540.5","2.7025","0.038333","2"
"541","2.705","0.037195","2"
"541.5","2.7075","0.035918","2"
"542","2.71","0.034729","2"
"542.5","2.7125","0.035213","2"
"543","2.715","0.036316","2"
"543.5","2.7175","0.039353","2"
"544","2.72","0.038430","2"
"544.5","2.7225","0.031615","2"
"545","2.725","0.037481","2"
"545.5","2.7275","0.029907","2"
"546","2.73","0.034379","2"
"546.5","2.7325","0.033566","2"
"547","2.735","0.039611","2"
"547.5","2.7375","0.039290","2"
"548","2.74","0.040007","2"
"548.5","2.7425","0.029082","2"
"549","2.745","0.037026","2"
"549.5","2.7475","0.033628","2"
"550","2.75","0.034092","2"
"550.5","2.7525","0.033606","2"
"551","2.755","0.041119","2"
"551.5","2.7575","0.039101","2"
"552","2.76","0.041497","2"
"552.5","2.7625","0.037458","2"
"553","2.765","0.036401","2"
"553.5","2.7675","0.034372","2"
"554","2.77","0.039129","2"
"554.5","2.7725","0.039192","2"
"555","2.775","0.037830","2"
"555.5","2.7775","0.029237","2"
"556","2.78","0.035932","2"
"556.5","2.7825","0.035159","2"
"557","2.785","0.033803","2"
"557.5","2.7875","0.034606","2"
"558","2.79","0.034885","2"
"558.5","2.7925","0.027778","2"
"559","2.795","0.036909","2"
"559.5","2.7975","0.040338","2"
"560","2.8","0.034304","2"
"560.5","2.8025","0.033416","2"
"561","2.805","0.033980","2"
"561.5","2.8075","0.040331","2"
"562","2.81","0.038457","2"
"562.5","2.8125","0.036464","2"
"563","2.815","0.036091","2"
"563.5","2.8175","0.036225","2"
"564","2.82","0.040564","2"
"564.5","2.8225","0.040010","2"
"565","2.825","0.034344","2"
"565.5","2.8275","0.035627","2"
"566","2.83","0.036954","2"
"566.5","2.8325","0.040252","2"
"567","2.835","0.035178","2"
"567.5","2.8375","0.036004","2"
"568","2.84","0.036061","2"
"568.5","2.8425","0.030530","2"
"569","2.845","0.035228","2"
"569.5","2.8475","0.034292","2"
"570","2.85","0.038767","2"
"570.5","2.8525","0.035094","2"
"571","2.855","0.038911","2"
"571.5","2.8575","0.040792","2"
"572","2.86","0.028023","2"
"572.5","2.8625","0.039958","2"
"573","2.865","0.035643","2"
"573.5","2.8675","0.037936","2"
"574","2.87","0.036268","2"
"574.5","2.8725","0.038287","2"
"575","2.875","0.030556","2"
"575.5","2.8775","0.037769","2"
"576","2.88","0.038596","2"
"576.5","2.8825","0.035858","2"
"577","2.885","0.036043","2"
"577.5","2.8875","0.034956","2"
"578","2.89","0.036126","2"
"578.5","2.8925","0.038145","2"
"579","2.895","0.035598","2"
"579.5","2.8975","0.036529","2"
"580","2.9","0.039770","2"
"580.5","2.9025","0.038010","2"
"581","2.905","0.031471","2"
"581.5","2.9075","0.034098","2"
"582","2.91","0.037177","2"
"582.5","2.9125","0.037304","2"
"583","2.915","0.034792","2"
"583.5","2.9175","0.038700","2"
"584","2.92","0.035685","2"
"584.5","2.9225","0.031242","2"
"585","2.925","0.040257","2"
"585.5","2.9275","0.032457","2"
"586","2.93","0.038224","2"
"586.5","2.9325","0.041120","2"
"587","2.935","0.039941","2"
"587.5","2.9375","0.040693","2"
"588","2.94","0.036597","2"
"588.5","2.9425","0.029578","2"
"589","2.945","0.035449","2"
"589.5","2.9475","0.034318","2"
"590","2.95","0.037313","2"
"590.5","2.9525","0.037819","2"
"591","2.955","0.037822","2"
"591.5","2.9575","0.034832","2"
"592","2.96","0.036389","2"
"592.5","2.9625","0.034933","2"
"593","2.965","0.032587","2"
"593.5","2.9675","0.037094","2"
"594","2.97","0.029574","2"
"594.5","2.9725","0.035536","2"
"595","2.975","0.041801","2"
"595.5","2.9775","0.034819","2"
"596","2.98","0.033275","2"
"596.5","2.9825","0.041659","2"
"597","2.985","0.036610","2"
"597.5","2.9875","0.033218","2"
"598","2.99","0.035298","2"
"598.5","2.9925","0.034819","2"
"599","2.995","0.040334","2"
"599.5","2.9975","0.037463","2"
"600","3","0.038466","2"
